"","Species","LMA","leaf_area","seed_mass","plant_height","restr_meanCVp","mean_CVp","SLA","P50","LeafN","height","wood_density","wood_genus","Genus","wood_density_imp","Height"
"1","Abies alba",106.0445387,32.42,62.0067,42.07407505,0.940264477173776,0.937960689405959,6.161654719,-4.01,13.15,55.15,0.35301,0.371310153846154,"Abies",0.35301,55.15
"2","Abies grandis",212.7659574,180,17.579,54.9171867,NA,1.5145534966584,12.07902657,-3.5,13.71,50.1,0.35,0.371310153846154,"Abies",0.35,50.1
"3","Abies lasiocarpa",276.0069609,35.04,12.6603,26.65503063,1.7752596381797,1.79636933203782,13.29271656,-2.95,14.34,26.43,0.31,0.371310153846154,"Abies",0.31,26.43
"4","Abies mariesii",171.652897095714,65.5083333333333,24.9162,30,NA,NA,11.3181536,-3.87,10.84,51.27,NA,0.371310153846154,"Abies",0.371310153846154,51.27
"5","Acacia suaveolens",222.1881202,297.71,29.7036,1.194321512,NA,NA,7.13879747486966,-1.99238202247191,23.1934831460674,10.934808988764,NA,0.774212149725888,"Acacia",0.774212149725888,10.934808988764
"6","Acer rubrum",58.65691012,2989.66,21.9339,14.11947709,NA,1.20131116727301,21.92203702,-2.51,17.98,28.16,0.49,0.537951777777778,"Acer",0.49,28.16
"7","Acer saccharum",46.15083,4735.7,52.8034,32.93491878,1.64844992019291,1.63573893154318,32.69529152,-2.61,21.82,29.22,0.56,0.537951777777778,"Acer",0.56,29.22
"8","Agathis ovata",179.2114695,1107.566,104.48805,25,NA,NA,7.934791512,-2.15,10.39,32.73,NA,0.414083646277778,"Agathis",0.414083646277778,32.73
"9","Alnus hirsuta",78.55459544,3067.36125,0.5105,16.12372436,NA,NA,17.07433769,-2.11,29.5,19.53,NA,0.404859111111111,"Alnus",0.404859111111111,19.53
"10","Araucaria araucana",318.4713376,330,4203.9654,50,1.25172625634928,1.25172625634928,5.735396644,-3.43,8.09,40.04,0.518,0.476441047117647,"Araucaria",0.518,40.04
"11","Arctostaphylos uva-ursi",155.7998766,172.17,11.325,0.269174936,NA,NA,4.98242977681818,-4.81090909090909,10.1654545454545,16.0345454545455,NA,0.72,"Arctostaphylos",0.72,16.0345454545455
"12","Bertholletia excelsa",91.33414212,13723.57,6500,48.86091336,NA,0.435101243017569,13.05014221,-2.65,22.64,40.12,0.637985555555556,0.637985555555556,"Bertholletia",0.637985555555556,40.12
"13","Betula alleghaniensis",29.13299987,3174.32,0.8352,29.04358241,NA,NA,30.99695712,-2.22,25.65,26.59,0.55,0.537596857142857,"Betula",0.55,26.59
"14","Betula lenta",47.61996007,4153.06,0.7017,23.54241774,NA,NA,12.93791913,-2,21.39,20.1,0.6,0.537596857142857,"Betula",0.6,20.1
"15","Betula papyrifera",63.58402842,2536.38,0.3278,14.69789012,NA,1.9119059208418,28.90179842,-2,25.66,23.98,0.48,0.537596857142857,"Betula",0.48,23.98
"16","Betula pendula",69.70847257,1135.68,0.6869,12.02472958,0.906691122486616,0.901864060051703,19.36207291,-2.37,24.86,24.87,0.512605,0.537596857142857,"Betula",0.512605,24.87
"17","Bombax ceiba",115.4734411,2731.62,47.7477,13.99,NA,NA,13.37402772,-2.2,18.1,30.2,0.31353525,0.370239775103448,"Bombax",0.31353525,30.2
"18","Brachychiton diversifolius",81.2135022675,3019,125.6032,18,NA,NA,13.83270105,-2.81,19.77,17.54,0.38745,0.333991166666667,"Brachychiton",0.38745,17.54
"19","Bursera simaruba",75.22262985,942.22,107.85,23.25700235,NA,NA,15.62783019,-0.95,18.67,25.87,0.305,0.314,"Bursera",0.305,25.87
"20","Carya glabra",67.57267239,20323.71,3129.1216,20.83986514,NA,1.58416003072072,18.21987117,-2.09,18.44,28.23,0.66,0.607429538461538,"Carya",0.66,28.23
"21","Cassiope mertensiana",157.0165415,9.42,0.0122,0.1761658785,NA,NA,NA,NA,NA,NA,NA,NA,"Cassiope",NA,NA
"22","Cassiope tetragona",157.0165415,9.42,0.0211,0.104663514,NA,NA,NA,NA,NA,NA,NA,NA,"Cassiope",NA,NA
"23","Castanea sativa",75.49467764,7033.85,3488.8615,27.11682479,NA,NA,14.07257442,-2.51,21.62,26.73,0.463333333333333,0.510373769230769,"Castanea",0.463333333333333,26.73
"24","Cedrela odorata",45.47666394,4663.87,15.7192,29.45641448,NA,NA,26.66993157,-3.41,26.63,30.42,0.446845714285714,0.43915475862069,"Cedrela",0.446845714285714,30.42
"25","Cedrus atlantica",128.3664198,26.53,65.5677,44.72135955,NA,NA,16.35162943,-5.54,11.18,34.92,0.44,0.455,"Cedrus",0.44,34.92
"26","Corylus avellana",62.64605486,3860.22,887.8259,3.929158599,NA,NA,18.29416968,-1.94,22.97,7.75,0.5166,0.549796333333333,"Corylus",0.5166,7.75
"27","Dacrydium cupressinum",109.3189339,3.8,6.1219,30.83173592,NA,1.20411381657476,3.440198998,-3.89,10.41,53.19,0.589,0.568750214285714,"Dacrydium",0.589,53.19
"28","Empetrum nigrum",124.7974416,4.8,0.9796,0.213461056,NA,0.872460910144427,NA,NA,NA,NA,NA,NA,"Empetrum",NA,NA
"29","Fagus crenata",98.7219264,2557.29333333333,141.9659,30,1.54609119345592,1.54574233788663,33.88677951,-2.57,22.48,28,0.55104,0.590977888888889,"Fagus",0.55104,28
"30","Fagus grandifolia",55.35129373,3534.3,261.2409,30.02977752,1.26217400974049,1.2309531027757,34.21486484,-2.57,25.2,29.46,0.56,0.590977888888889,"Fagus",0.56,29.46
"31","Fagus sylvatica",65.36699387,2061.6,186.9854,31.47720679,1.24427111568935,1.24383804030422,33.79200754,-2.7,23.7,33.09,0.58548,0.590977888888889,"Fagus",0.58548,33.09
"32","Fouquieria splendens",50.01140843,106.61,52.0198,3.04,NA,NA,19.9394862733333,-1.93888888888889,18.0577777777778,17.41,NA,NA,"Fouquieria",NA,17.41
"33","Fraxinus americana",45.47791443,6038.35545454545,38.116,12.70662413,NA,1.55876703102858,25.6314038,-1.92,24.37,27.74,0.55,0.545158235294118,"Fraxinus",0.55,27.74
"34","Fraxinus excelsior",75.23566573,1683.18,56.7064,23.11558894,NA,1.29740495208218,17.30200784,-2.8,23.22,32.79,0.569766666666667,0.545158235294118,"Fraxinus",0.569766666666667,32.79
"35","Fraxinus ornus",60.9392523425,6202.96,24.8463,7.93935919,NA,NA,17.50998998,-2.36,18.19,18.14,NA,0.545158235294118,"Fraxinus",0.545158235294118,18.14
"36","Ilex aquifolium",150.3034868,1540.35,29.9253,6.343767334,NA,NA,7.688068228,-5.17,14.8,14.67,0.65,0.558455234375,"Ilex",0.65,14.67
"37","Jacaranda copaia",77.46906223,1368.99,5.1018,37.76782611,NA,NA,21.30379133,-3.42,26.27,33.72,0.3506708922,0.413291549392857,"Jacaranda",0.3506708922,33.72
"38","Juglans regia",71.37553702,3742.83,8495.0278,19.62400375,NA,NA,16.00642576,-2.09,22.03,26.42,0.558228666666667,0.4840125,"Juglans",0.558228666666667,26.42
"39","Juniperus thurifera",382.173516127778,18.5971428571429,30.5,15,NA,1.85918743644106,3.500392855,-8.85,14.64,17.71,0.53,0.482980818181818,"Juniperus",0.53,17.71
"40","Larix sibirica",88.06214447875,7,9.8217,35.67621345,NA,1.02250746629284,15.70168484,-3.53,18.09,32.01,0.4678715,0.463240210526316,"Larix",0.4678715,32.01
"41","Liquidambar styraciflua",68.5210102,6262.91,5.1485,13.84651972,NA,NA,15.90008605,-2.39,15.85,28.73,0.46,0.515583222222222,"Liquidambar",0.46,28.73
"42","Liriodendron tulipifera",64.4806973,11022.1,34.8055,49.78188453,NA,NA,29.84001501,-1.93,22.85,40.21,0.35,0.40814425,"Liriodendron",0.35,40.21
"43","Nothofagus obliqua",69.25767309,229.16,18.992,36.34241186,NA,NA,9.460877859,-3.75,23.07,19.64,0.5896,0.6076419205,"Nothofagus",0.5896,19.64
"44","Nothofagus pumilio",54.5553737,111.59,27.763,15.6278,NA,1.05968921700254,14.29656835,-3.3,20.41,19.11,0.4801,0.6076419205,"Nothofagus",0.4801,19.11
"45","Nyssa sylvatica",54.64480874,1361.8,153.6957,25.5201097,NA,NA,15.35652967,-1.69,18.7,31.47,0.46,0.5146855,"Nyssa",0.46,31.47
"46","Ocotea tenera",39.28780406,4785.2,808.45905,22.293872105,NA,NA,16.25329734,-3.6,21.69,23.4,NA,0.522610136825243,"Ocotea",0.522610136825243,23.4
"47","Olea europaea",193.0543679,368.31,187.5273,10.75653757,NA,NA,13.54167198,-6.03,17.04,15.04,0.80633,0.75432975,"Olea",0.80633,15.04
"48","Parkia biglobosa",86.72449884,75,392.7036,13,NA,NA,16.38839815,-3.45,19.46,20.55,0.52521,0.45181067041791,"Parkia",0.52521,20.55
"49","Picea abies",225.1775839,31.72,6.4432,40.68826549,0.989819459134181,1.00671780385184,5.616059197,-3.73,12.74,51.04,0.37023,0.365198884615385,"Picea",0.37023,51.04
"50","Picea glauca",239.1733491,23.72,2.4515,25.8348762,1.9195554164031,1.75274292390796,9.028731588,-3.43,11.93,38.33,0.33,0.365198884615385,"Picea",0.33,38.33
"51","Picea rubens",289.8550725,16.5,3.3037,29.2704916,NA,NA,5.057405971,-3.34,11.31,29.45,0.37,0.365198884615385,"Picea",0.37,29.45
"52","Pinus albicaulis",242.1626967,131.979705882353,144.2337,16.69885319,0.831199481570094,0.822440209252728,5.244221714,-3.52,11.11,20.55,NA,0.443938265306122,"Pinus",0.443938265306122,20.55
"53","Pinus banksiana",243.902439,100,3.4345,22.64289987,NA,0.671236516613456,6.100963008,-3.66,12.37,24.83,0.4,0.443938265306122,"Pinus",0.4,24.83
"54","Pinus coulteri",233.984355673415,131.979705882353,275.6668,17.63621589,NA,NA,6.00626696,-3.95,11.72,24.82,NA,0.443938265306122,"Pinus",0.443938265306122,24.82
"55","Pinus densiflora",295.1593861,75,9.3974,36,NA,0.427912342244511,5.67567996,-4.5,12.21,24.93,0.41,0.443938265306122,"Pinus",0.41,24.93
"56","Pinus edulis",408.1632653,125,234.1545,11.90898967,1.24909041555576,1.2701275534329,4.086036726,-4.44,11.94,15.97,0.5,0.443938265306122,"Pinus",0.5,15.97
"57","Pinus halepensis",228.815331,70.42,19.7719,17.65908332,NA,NA,5.448203348,-3.64,11.95,24.5,0.46,0.443938265306122,"Pinus",0.46,24.5
"58","Pinus koraiensis",91.51078975,89.12,480.1011,31.07232506,NA,1.24807461123046,5.692968664,-4.84,12.09,35.16,0.37884,0.443938265306122,"Pinus",0.37884,35.16
"59","Pinus monticola",172.7695926,131.979705882353,18.0794,63.19708609,NA,1.16182719708118,5.02095298,-3.9,13.55,56.95,0.35,0.443938265306122,"Pinus",0.35,56.95
"60","Pinus nigra",227.9295528,110.94,19.0121,33.00558144,NA,1.0603279684753,4.575403105,-3.84,10.41,38.56,0.4170705,0.443938265306122,"Pinus",0.4170705,38.56
"61","Pinus palustris",303.1878029,299.25,95.2917,18.76980908,1.41690365880254,1.42052300743615,3.421400264,-2.44,8.57,40.65,0.54,0.443938265306122,"Pinus",0.54,40.65
"62","Pinus pinea",237.620423,137.9,653.0717,27.40236641,1.20754835605123,1.20513759550884,2.993234607,-3.1,11.44,28.71,0.5,0.443938265306122,"Pinus",0.5,28.71
"63","Pinus ponderosa",287.3850288,160,35.7087,38.30074011,1.25074414205022,1.25905607723544,5.146376718,-2.88,12.67,59.12,0.38,0.443938265306122,"Pinus",0.38,59.12
"64","Pinus radiata",190.2886324,82.79,30.8424,26.3131173,NA,NA,8.579254723,-4.46,13.33,27.89,0.39,0.443938265306122,"Pinus",0.39,27.89
"65","Pinus sabiniana",127.2264631,131.979705882353,576.5656,21.49676373,NA,NA,7.700694757,-3.74,12.51,20.48,NA,0.443938265306122,"Pinus",0.443938265306122,20.48
"66","Pinus sibirica",197.2386588,131.979705882353,222.5634,36.5930571,NA,NA,5.574520796,-3.76,12.56,25.13,NA,0.443938265306122,"Pinus",0.443938265306122,25.13
"67","Pinus strobus",156.4901796,96.83,16.0472,32.68060689,NA,1.69774124979614,7.560933108,-5.63,15.11,40.13,0.34,0.443938265306122,"Pinus",0.34,40.13
"68","Pinus taeda",184.7606678,154.91,26.0418,21.22898634,NA,0.866000123506149,4.996836294,-3.33,13.18,19.9,0.47,0.443938265306122,"Pinus",0.47,19.9
"69","Prunus avium",56.70307476,2141.06,185.4882,16.55993117,NA,NA,15.7505455,-4.69,19.2,25.3,0.47355,0.589242305555556,"Prunus",0.47355,25.3
"70","Prunus serotina",58.10870117,2115.27,98.5236,13.31316445,NA,1.15038379134017,19.56374399,-3.96,21.93,30.15,0.47,0.589242305555556,"Prunus",0.47,30.15
"71","Pseudotsuga menziesii",161.1309025,31.17,12.6048,65.27951123,NA,1.66369375136167,7.817042157,-3.69,12.41,67.1,0.427777777777778,0.450887066666667,"Pseudotsuga",0.427777777777778,67.1
"72","Pterocarpus angolensis",84.5759524,5031.47428571429,218.148,17.188714774125,NA,NA,16.99941334,-2.52,27.45,18.53,0.5605109,0.581002428730159,"Pterocarpus",0.5605109,18.53
"73","Quercus acutissima",64.02048656,1363.27,3440.8511,21.33,NA,NA,11.22915671,-3.26,18.72,21.65,0.7332812,0.701260875816993,"Quercus",0.7332812,21.65
"74","Quercus agrifolia",173.4761484,1045.4,2269.7278,14.42192873,NA,0.906141653902523,6.89498926,-1.72,14.12,24.02,NA,0.701260875816993,"Quercus",0.701260875816993,24.02
"75","Quercus alba",68.70919719,7186.06,3111.1077,28.27776228,NA,1.2471832168141,15.22764552,-1.38,22.02,32.86,0.63,0.701260875816993,"Quercus",0.63,32.86
"76","Quercus canariensis",107.0663812,1071.5,2258.30307361111,26.49543056,NA,1.60246463992817,15.38489023,-3.19,19.84,27.21,NA,0.701260875816993,"Quercus",0.701260875816993,27.21
"77","Quercus chrysolepis",198.8715981,4027.50093333333,3150.6031,20.12818132,NA,1.01770602283864,10.56150672,-2.57,15.54,23.44,0.7,0.701260875816993,"Quercus",0.7,23.44
"78","Quercus coccinea",91.09701083,18800,1930.4788,27.06540178,NA,1.3073206160829,14.14025195,-1.92,17.17,26.34,0.62,0.701260875816993,"Quercus",0.62,26.34
"79","Quercus douglasii",133.3405691,1145.14,4539.1578,17.50807529,1.07988405891047,1.07988405891047,10.05760628,-2.5,19.27,18.31,NA,0.701260875816993,"Quercus",0.701260875816993,18.31
"80","Quercus ilex",165.2883741,762.91,1900.9854,9.34,1.02328493649306,1.22464331221428,9.809207257,-2.79,15.97,21.82,0.82,0.701260875816993,"Quercus",0.82,21.82
"81","Quercus kelloggii",102.6420348,4225.71,4778.2914,29.66562018,NA,1.17156641318514,9.361758,-1.98,17.63,28.28,0.51,0.701260875816993,"Quercus",0.51,28.28
"82","Quercus lobata",111.2929975,2643.92,4502.9551,23.29257392,1.05912675721348,1.04402144919212,9.271936116,-2.14,20.91,24.03,NA,0.701260875816993,"Quercus",0.701260875816993,24.03
"83","Quercus mongolica",71.13159996,5682.94,1563.242,31.6227766,NA,1.07617667367521,10.61841841,-2.87,21.08,26.83,0.635518,0.701260875816993,"Quercus",0.635518,26.83
"84","Quercus montana",111.157355337195,4027.50093333333,4539,30,NA,1.31409916481831,14.69742012,-1.52,20.28,21.21,NA,0.701260875816993,"Quercus",0.701260875816993,21.21
"85","Quercus petraea",72.33548013,2985.81,579.4958,31.43850033,1.13881540627063,1.141731758678,13.70074656,-3.93,20.91,34.55,0.569825,0.701260875816993,"Quercus",0.569825,34.55
"86","Quercus phellos",84.76262908,937,904.1797,30.86909513,NA,0.72530380307078,16.20930827,-1.42,18.44,25.16,0.56,0.701260875816993,"Quercus",0.56,25.16
"87","Quercus robur",72.4981555,2991.55,3048.0211,27.07539583,0.995934310948921,1.0026023755672,10.26523212,-2.76,20.96,33.48,0.574685571428571,0.701260875816993,"Quercus",0.574685571428571,33.48
"88","Quercus rubra",67.43493694,6217.05,2696.9167,18.2853131,1.07525286978535,1.10243444129495,15.28599989,-1.95,21.83,30.98,0.56,0.701260875816993,"Quercus",0.56,30.98
"89","Quercus stellata",142.0454545,4442.09,1194.079,18.27966988,NA,1.0046931934381,20.20579951,-1.37,16.73,20.28,0.6605,0.701260875816993,"Quercus",0.6605,20.28
"90","Quercus suber",147.1571857,703.3,1785.9821,18.61209718,NA,1.0537913764768,8.596719847,-5.11,16.51,18.55,0.77,0.701260875816993,"Quercus",0.77,18.55
"91","Quercus velutina",70.21097802,14822.2,1851.4861,27.2937075,NA,1.11501313855332,17.01018104,-1.78,19.62,20.59,0.56,0.701260875816993,"Quercus",0.56,20.59
"92","Rhamnus alpina",51.26184053,1046.7,21.64939375,3.241199068,NA,NA,13.88563834,-4.92,22.04,11.4,NA,0.5592832,"Rhamnus",0.5592832,11.4
"93","Robinia pseudoacacia",51.34381935,753.26,17.8953,17.43678921,NA,NA,22.22595902,-1.66,36.73,23.98,0.6746366,0.663863833333333,"Robinia",0.6746366,23.98
"94","Salix alaxensis",99.00990099,680.445957446809,0.171563793103448,1.675949753,NA,NA,11.86571114,-2.46,18.76,10.52,NA,0.403791458333333,"Salix",0.403791458333333,10.52
"95","Shepherdia canadensis",NA,NA,8.1352,1.82,NA,NA,13.27462313,-1.97,28.97,7.42,NA,NA,"Shepherdia",NA,7.42
"96","Sorbus aucuparia",69.49790959,616.09,3.4691,13.47529198,NA,0.898056530039575,17.4497951,-4.85,20.47,13.58,0.62853,0.611323333333333,"Sorbus",0.62853,13.58
"97","Strychnos spinosa",74.92412633,2167.71,459.6151,10.1134531671481,NA,NA,16.78828601,-2.82,19.33,17.18,0.64575,0.695862842105263,"Strychnos",0.64575,17.18
"98","Tetragastris panamensis",102.5979125,2093.87,290.6516,33.11165288,NA,NA,NA,NA,NA,NA,0.717302179444444,0.71026748075,"Tetragastris",0.717302179444444,NA
"99","Tilia americana",33.8538119,5853.72,99.4874,15.98492502,NA,NA,26.20095915,-2.21,25.3,28.2,0.32,0.421638764705882,"Tilia",0.32,28.2
"100","Trichilia tuberculata",86.80177609,3472.95,142.3789,31.11623371,NA,NA,17.92800572,-2.72,24.04,25.05,0.6271887025,0.63411620897561,"Trichilia",0.6271887025,25.05
"101","Tsuga canadensis",133.0944921,13.3,2.5926,26.59024992,NA,NA,7.50064239,-3.13,11.98,29.81,0.38,0.432701818181818,"Tsuga",0.38,29.81
"102","Tsuga mertensiana",231.4814815,44.15,3.9083,38.1,NA,1.68829246515021,13.84938293,-3.73,12.5,51.54,0.42,0.432701818181818,"Tsuga",0.42,51.54
"103","Ulmus alata",47.07060278,987.97,4.0399,8.64006058,NA,NA,21.67916448,-5.66,18.63,25.39,0.6,0.533622772727273,"Ulmus",0.6,25.39
"104","Zanthoxylum ailanthoides",69.2716509466667,4904.30882352941,37.9123,15,NA,NA,20.18419685,-3.84,32.28,14.16,NA,0.61421999131884,"Zanthoxylum",0.61421999131884,14.16
"105","Nothofagus truncata",119.475506563846,229.16,54.2608,25.7428894295333,NA,NA,8.721857031,-3.3,22.79,17.9,0.6,0.6076419205,"Nothofagus",0.6,17.9
"106","Carya tomentosa",63.20165638,10180.4375,5208.8492375,25.796339803125,NA,NA,18.6134833616667,-3.05777777777778,18.6605555555556,26.7227777777778,0.64,0.607429538461538,"Carya",0.64,26.7227777777778
"107","Nothofagus nervosa",119.475506563846,229.16,54.2608,25.7428894295333,NA,NA,9.28062281610811,-3.30351351351351,21.8781081081081,19.2132432432432,0.516,0.6076419205,"Nothofagus",0.516,19.2132432432432
"108","Acer pensylvanicum",40.478836735,8865.63041666667,51.9369918032787,13.1927887329877,NA,NA,30.8835357229643,-2.59035714285714,22.7844285714286,14.8925357142857,0.44,0.537951777777778,"Acer",0.44,14.8925357142857
"109","Pinus sylvestris",221.830318736707,101.764852941176,58.169431097561,27.93404214,0.614874861761911,0.628303260495539,6.06432575510455,-3.65022727272727,12.7186818181818,32.0841818181818,0.3954128,0.443938265306122,"Pinus",0.3954128,32.0841818181818
"110","Larix gmelinii",92.385976669375,41.4083333333333,5.08828,35.950459913,NA,NA,14.6330965795,-3.7455,17.5455,39.774,0.559719,0.463240210526316,"Larix",0.559719,39.774
