"","replicate_site","lat","lon","vpd"
"1","BCEF",35.5,-82.6,0.585405701754386
"2","Babia Gora",49.586231,19.51805,0.267280701754386
"3","Rio de Janeiro",-22.535789,-43.354153,0.470296052631579
"4","Alexanda Fiord",78.870415,-75.836398,0.0271600877192982
"5","Boulder Canyon",39.99924,-105.386897,0.699353070175439
"6","Quebec",55.034722,-75.713056,0.204649122807017
"7","Hakkoda Mountains",40.65,140.85,0.277275219298246
"8","Agder County",58.497505,7.798809,0.297061403508772
"9","Patagonia (10 sites)",-39,-71,0.643739035087719
"10","Travignolo Valley",46.18,11.45,0.292719298245614
"11","Saanichton",48.609174,-123.437945,0.32516447368421
"12","Harihari",-43.066667,170.45,0.365460526315789
"13","Monteverde",10.30418,-84.794525,0.395997807017544
"14","Valladolid",41.5,-4.4,0.682609649122807
"15","Avila",40.3,-4.6,0.706962719298246
"16","Sierra de Guara (Huesca)",42.2,-0.4,0.970241228070175
"17","Pyrenees (Huesca)",42.9,-0.8,0.40858552631579
"18","Iscar",41.336667,-4.506389,0.713739035087719
"19","Tordesillas",41.504722,-4.957222,0.717456140350877
"20","Portillo",41.426389,-4.575833,0.714813596491228
"21","La Pedraja de Portillo",41.490556,-4.724167,0.725131578947368
"22","Nava del Rey",41.4425,-5.057222,0.71672149122807
"23","Spanish Northern Plateau",41.341667,-4.084167,0.691260964912281
"24","California",36.383333,-121.55,0.780855263157895
"25","Yeste",38.377741,-2.329579,1.01131578947368
"26","Calasparra",38.23284,-1.659697,1.02899122807018
"27","Mount Ventoux",44.118056,5.343889,0.537719298245614
"28","Kluane Lake",61.01,-138.24,0.274342105263158
"29","Floen",55.496794,13.731306,0.250328947368421
"30","Frodeparken",56.859459,12.842793,0.247401315789474
"31","Hultabugget",56.552402,13.217318,0.249945175438597
"32","Skarhult",55.809319,13.369122,0.29547149122807
"33","Trolleholm",55.9194,13.269013,0.278837719298246
"34","RY",56.170747,14.563229,0.243322368421053
"35","Halland",57.2,12.4,0.246578947368421
"36","Naeba Mo. 900m",36.893861,138.767083,0.350690789473684
"37","Naeba Mo. 1500m",36.893861,138.767083,0.350690789473684
"38","Ontario",47.612753,-84.856022,0.280970394736842
"39","Escambia",31.0091,-87.0825,0.828146929824561
"40","Kisatchie",31.0249,-92.6359,0.842160087719298
"41","Bladen Lakes",34.729,-78.5315,0.740164473684211
"42","multiple (over 10) Extremadura",50,10,0.733059210526316
"43","Hortenkopf",49.270121,7.827421,0.322894736842105
"44","Neuhausel",50.42,7.73,0.318640350877193
"45","Herdorf",50.76,7.9,0.339199561403509
"46","Leisel",49.74,7.19,0.276524122807017
"47","Wascheid",50.26,6.37,0.264462719298246
"48","Pine Barrens",39.916111,-74.598611,0.56859649122807
"49","Rocky Mountains (n=15)",38.785331,-106.657861,0.452313596491228
"50","Valencia (popB)",40.039491,-1.140907,0.776776315789474
"51","Asiu Forest",35.301179,135.715644,0.403092105263158
"52","Flint Creek",46.2,-113.3,0.561337719298246
"53","BLSF",34.7375,-78.539722,0.740164473684211
"54","JLSP",34.703611,-78.619444,0.753980263157895
"55","SHSF",34.545278,-79.969722,0.844714912280702
"56","Huerto Ramirez",37.524658,-7.363521,0.917094298245614
"57","San Bartolome",37.438881,-7.112327,0.886491228070175
"58","BCI",9.160642,-79.844333,0.615427631578947
"59","Huesca",42.14,-0.27,0.972434210526316
"60","Asturias",43.16,-4.59,0.46078947368421
"61","Basel",47,7.5,0.385953947368421
"62","various (19 sites)",54,12,0.300751096491228
"63","multiple",51,10,0.483064692982456
"64","Sierra del Cerezo",38.257578,-1.895531,0.979780701754386
"65","Rahue (growth)/6 sites(seeds)",-39.394306,-70.795444,0.621864035087719
"66","Hakkoda Mountains",40.39,140.52,0.277275219298246
"67","Honshu",36.51,138.46,0.38640350877193
"68","England",52,0,0.313031798245614
"69","Hastings Reservation",36.37932,-121.563592,0.780855263157895
"70","Paneveggio (1500m)",46.18,11.38,0.270032894736842
"71","Paneveggio (1700m)",46.18,11.38,0.270032894736842
"72","Paneveggio (1900m)",46.18,11.38,0.270032894736842
"73","UKJ",51.2,-0.6,0.347203947368421
"74","SE2",57.8,14.3,0.256798245614035
"75","DE1",48.6,9.1,0.341140350877193
"76","PL4",52.5,16.3,0.375888157894737
"77","PL6",53.8,19.4,0.318300438596491
"78","DE8",54,13,0.299665570175439
"79","DEA",51.1,7.9,0.316589912280702
"80","DEB",49.7,7.2,0.292916666666667
"81","DE7",51.1,9.2,0.335328947368421
"82","AT2",47.1,14.9,0.29015350877193
"83","AT3",47.3,11.5,0.405422149122807
"84","Benwell",54.967903,-1.661998,0.285745614035088
"85","Buckholt",51.818081,-2.168628,0.31672149122807
"86","FishHill",52.029726,-1.836206,0.28094298245614
"87","Killerton",50.794143,-3.458192,0.28233552631579
"88","Nettlebed",51.584126,-0.973616,0.326913377192982
"89","Patcham",50.855073,-0.118347,0.246041666666667
"90","Woodbury",50.673919,-3.384446,0.279923245614035
"91","Vinton County",39.584722,-82.616667,0.527697368421053
"92","Fergana mountain range",42,72.5,0.727763157894737
"93","Coruche",39.137778,-8.334167,0.80593201754386
"94","Organ Mountains",32.316667,-106.633333,1.56469298245614
"95","Jornada Basin",32.5,-106.8,1.54892543859649
"96","Budongo Forest Reserve",1.724167,31.545833,0.970723684210526
"97","Holm",59.698056,16.533333,0.315701754385965
"98","Fullero",59.545556,16.554444,0.325855263157895
"99","Holm and Fullero",59.545556,16.554444,0.325855263157895
"100","Northern Quebec",55.15,-77.45,0.174967105263158
"101","multiple",47,8,0.483064692982456
"102","multiple",61.1,-149.7,0.483064692982456
"103","multiple (25 sites)",-12.744689,-69.239414,0.849813596491228
"104","Compiegne",49.366667,2.9,0.351052631578947
"105","multiple",32,-116,0.483064692982456
"106","Hot Wheather Creek",79.966667,-84.466667,0.0697478070175438
"107","Umea",63.45,20.15,NA
"108","New Caledonia",22,166,NA
"109","Catalonia",41.35,1.033333,0.618541666666667
"110","Fougères",48.383333,-1.15,0.341951754385965
"111","Champenoux",48.717944,6.352913,0.374660087719298
"112","Font-Blanche",43.240278,5.677778,0.612850877192982
"113","Nettlebed",51.57,-0.978,0.326913377192982
"114","Orongorongo",-41.35,174.9667,0.320756578947368
"115","Sierra de Baza",37.3825,-2.863333,0.77484649122807
"116","Karibayama Genetic Resource Preservation Forest",42,140.583333,0.263201754385965
"117","Chojnów Forest",52.02,21.06,0.349572368421053
"118","Scandes Mountains",63.25,12.433333,0.182576754385965
"119","Cuenca Mountains",40.030556,-1.986111,0.800274122807017
"120","Tierra del Fuego (ECC)",-54.37,-67.8749,0.240054824561404
"121","Hainich NP.",51.083333,10.45,0.315668859649123
"122","Denali NP.",63.683333,-150.416667,0.243947368421053
"123","Catalonia",41.270688,1.159032,0.618541666666667
"124","university",42.883333,-8.533333,0.422719298245614
"125","Croker Pond",31.023,-87.061,0.828146929824561
"126","Farm Forty",31.018,-87.041,0.822105263157895
"127","Blackwater River",30.843,-86.81,0.815252192982456
"128","Rattlesnake Rd.",30.678,-86.589,0.80030701754386
"129","Boondocks",30.563,-86.423,0.768870614035088
"130","Jones Center",31.249,-84.473,0.928311403508772
"131","Mount Rainier",46.7975,-121.776944,0.299353070175439
"132","Albuquerque AB4",35.25377,-106.3636,0.986578947368421
"133","Canjilon CB1",36.49465,-106.465,0.765449561403509
"134","Canjilon CB2",36.39421,-106.4936,0.798684210526316
"135","Dolores DL1",37.86136,-108.6322,0.868804824561404
"136","Dolores DL2",37.88124,-108.5926,1.03974780701754
"137","Hotchkiss HK1",38.73617,-107.6095,0.965438596491228
"138","Hotchkiss HK2",38.61957,-107.5902,0.806743421052632
"139","Montrose MT1",38.37767,-108.0695,0.876228070175439
"140","Montrose MT2",38.45162,-108.019,1.00069078947368
"141","Naturita NT1",38.12932,-108.57,1.00561403508772
"142","Naturita NT2",38.11781,-108.5043,1.01813596491228
"143","various (11 sites)",38,-108,0.703804824561403
"144","multiple (3 sites)",43.093405,-6.265678,0.419353070175439
"145","multiple (over 10) Extremadura",39.5,-6.5,0.733059210526316
"146","Icalma",-38.815722,-71.274778,0.55233552631579
"147","Batea Mahuida",-38.794944,-71.183083,0.546896929824561
"148","Rocky Mountains",47,-114.5,0.619550438596491
"149","Rukwa Region",-7,30,1.44733552631579
"150","New South Wales",-33.6,151.2,0.597796052631579
"151","Provence (3 plots) and Alps (1p)",43.3,5.8,0.551162280701754
"152","Dongling Mountains",39.960111,115.425611,0.606962719298246
"153","Dongling Mountains",39.9579,115.4251,0.606962719298246
"154","Bayerischer Wald NP.",48.960139,13.427625,0.231524122807018
"155","Blodgett Forest Research Station",38.909295,-120.662781,0.95594298245614
"156","Merikarvia",61.833333,21.516667,0.2125
"157","Cowichan Lake Experiment Station",48.728854,-123.668148,0.355690789473684
"158","Volga–Kama Zapovednik for acorns and multiple for growth",55.916667,48.716667,0.364561403508772
"159","Steamboat Mt",46.139167,-121.718056,0.408925438596491
"160","Sand Mt",44.383333,-121.921667,0.514550438596491
"161","Santiam Pass",44.415833,-121.856389,0.48656798245614
"162","multiple (4 sites)",53.2,23.3,0.314046052631579
"163","Buell Plot",35.474949,-82.661764,0.559583333333333
"164","Bike Trail",35.474949,-82.661764,0.559583333333333
"165","Burnett Gap",35.962319,-82.958177,0.617916666666667
"166","Cohutta",34.941043,-84.698646,0.650120614035088
"167","Green's Lick",35.477545,-82.644958,0.559583333333333
"168","Hurricane Gap",35.934553,-82.799234,0.558070175438596
"169","Hiawassee B",35.222319,-84.514014,0.666151315789474
"170","Hiawassee C",35.222319,-84.514014,0.666151315789474
"171","Hard Times",35.487968,-82.624596,0.585405701754386
"172","Jackson Farm",36.170878,-82.526046,0.652280701754386
"173","Jakcson Farm",36.170878,-82.526046,0.652280701754386
"174","Mill Ridge",36.01197,-82.635513,0.508179824561404
"175","Old Gate",35.474949,-82.661764,0.559583333333333
"176","Rice Pinnacle",35.519455,-82.629083,0.593662280701754
"177","South Ridge",35.470444,-82.636501,0.559583333333333
"178","Tallulah",34.925891,-83.543629,0.543969298245614
"179","Tellico",35.444316,-84.088237,0.627291666666667
"180","Work Center",35.474949,-82.661764,0.559583333333333
"181","3 north populations",45.5,-84.69,0.429002192982456
"182","3 south populations",42.4,-83.92,0.464967105263158
"183","Mount Norikura",36.117652,137.629997,0.319265350877193
"184","Canberra (BFG experiment)",-35.35,148.933333,0.65483552631579
"185","Ontario",45.25,-78.566667,0.280970394736842
"186","Tanana River (Fairbanks)",64.783333,-147.733333,0.301864035087719
"187","Sedgwick Reserve",34.7,-120.033333,1.0461951754386
"188","Valsain (low plot)",40.857556,-4.039483,0.55202850877193
"189","Valsain (high plot)",40.857614,-4.052376,0.561535087719298
"190","two plots",40.857614,-4.052376,0.561535087719298
"191","1008",47.54,7.54,0.388782894736842
"192","1010",47.52,7.5,0.383859649122807
"193","1015",47.48,7.72,0.381688596491228
"194","1019",47.39,7.78,0.331633771929825
"195","1023",47.43,7.9,0.340383771929825
"196","1034",47.41,7.56,0.345043859649123
"197","1037",47.38,7.85,0.331853070175439
"198","1039",47.18,7.65,0.384912280701754
"199","1042",47.43,7.59,0.349517543859649
"200","1051",47.56,8.34,0.365438596491228
"201","1053",47.27,8.36,0.384901315789474
"202","1061",47.62,8.55,0.376962719298246
"203","1065",47.51,8.74,0.380811403508772
"204","1067",47.48,8.69,0.367949561403509
"205","1069",47.42,8.59,0.39968201754386
"206","1070",47.39,8.57,0.402214912280702
"207","1071",47.33,8.5,0.369632675438597
"208","1074",47.29,8.89,0.371030701754386
"209","1080",47.42,8.65,0.391217105263158
"210","1086",47.14,8.51,0.354725877192982
"211","1098",46.96,7.4,0.384133771929825
"212","1104",46.65,7.75,0.358870614035088
"213","1107",46.89,7.76,0.348388157894737
"214","1116",47.57,8.98,0.363541666666667
"215","1118",46.73,7.27,0.324429824561404
"216","1198",46.97,8.36,0.402752192982456
"217","1201",47.2,8.9,0.400076754385965
"218","1009",47.54,7.52,0.388782894736842
"219","1046",47.58,7.9,0.395614035087719
"220","1054",47.27,8.36,0.384901315789474
"221","1062",47.62,8.54,0.37422149122807
"222","1064",47.52,8.5,0.384353070175439
"223","1068",47.48,8.68,0.367949561403509
"224","1075",47.29,8.89,0.371030701754386
"225","1079",47.42,8.46,0.39797149122807
"226","1083",47.13,8.53,0.354725877192982
"227","1091",47.19,7.83,0.362927631578947
"228","1092",47.19,7.06,0.286875
"229","1099",46.76,7.37,0.321315789473684
"230","1100",46.76,7.37,0.321315789473684
"231","1106",46.64,7.76,0.348629385964912
"232","1110",47.67,8.78,0.369758771929825
"233","1113",47.5,9.06,0.364923245614035
"234","1115",47.44,8.92,0.340383771929825
"235","1122",45.86,9.04,0.515197368421053
"236","1136",46.35,9.59,0.21984649122807
"237","1196",47.19,8.2,0.351754385964912
"238","Lower Saxony",51.769167,9.581111,0.274813596491228
"239","Los Alcornocales Natural Park",36.568749,-5.53564,0.73172149122807
"240","Guanacaste (Santa Rosa)",10.835048,-85.610415,0.831535087719298
"241","Coweeta HydroLab, Mars Hill and Duke Forest",35.062273,-83.452149,0.533179824561404
